用户名,评论内容,序号,ai_prob,human_prob,conclusion
测试用户1,这是一条人类撰写的评论,1,0.02943497896194458,0.9705650210380554,人类撰写
测试用户2,人工智能技术正在快速发展,2,0.9852838516235352,0.014716177247464657,AI生成
测试用户3,This is a test comment,3,0.07242221385240555,0.927577793598175,人类撰写
测试用户4,As an AI language model,4,0.0971982553601265,0.9028017520904541,人类撰写
测试用户5,今天天气很好,5,0.05166155472397804,0.9483383893966675,人类撰写
